{
  "P1":[-70.65159160946463,-33.43189026044826],
  "P2":[-70.65172590374576,-33.43103387314694],
  "P3":[-70.65078652331702,-33.42132178468506],
  "P4":[-70.65013530922687,-33.41785428149137],
  "P5":[-70.65172506657345,-33.41758256666336],
  "P6":[-70.65276386351297,-33.41753703629474],
  "P7":[-70.65276604524155,-33.41518323501443],
  "P8":[-70.65288536425594,-33.41506552782262],
  "P9":[-70.65283508175418,-33.41136101462349],
  "P10":[-70.65354369822666,-33.41132405824312],
  "P11":[-70.65357993764346,-33.4093066351892],
  "P12":[-70.65316502902722,-33.40939779012837],
  "P13":[-70.65312403712134,-33.40723071173442],
  "P14":[-70.65326654281728,-33.40718469410648],
  "P15":[-70.65311420081831,-33.40638799501992],
  "P16":[-70.657193595807,-33.40529153233339],
  "P17":[-70.65819433269598,-33.40050273286525],
  "P18":[-70.66058309184567,-33.40097262226813],
  "P19":[-70.66107114688376,-33.39939402848915],
  "P20":[-70.66663922441273,-33.39892736012636],
  "P21":[-70.66807587113978,-33.39911091605057],
  "P22":[-70.66761185889668,-33.39953521550446],
  "P23":[-70.67209498616151,-33.39988286238742],
  "P24":[-70.67216226186262,-33.3996974442304],
  "P25":[-70.67986484393171,-33.40249984605703],
  "P26":[-70.68187920975042,-33.40300734411865],
  "P27":[-70.68051761087597,-33.40537934172192],
  "P28":[-70.68025221461625,-33.40629325386888],
  "P29":[-70.67874601480396,-33.41745873952155],
  "P30":[-70.67854920895803,-33.41815558036448],
  "P31":[-70.67815446243289,-33.41889049703708],
  "P32":[-70.67742052679834,-33.41987235658745],
  "P33":[-70.67689537148647,-33.42030309197174],
  "P34":[-70.67533578213266,-33.42123754554435],
  "P35":[-70.67467519540669,-33.42176807070685],
  "P36":[-70.67289748728346,-33.4239401622541],
  "P37":[-70.67184467516768,-33.4252118672547],
  "P38":[-70.67123958016869,-33.42564357605358],
  "P39":[-70.66773769709256,-33.42691587276178],
  "P40":[-70.66416393490812,-33.42819246855454],
  "P41":[-70.66325175996357,-33.42861535479729],
  "P42":[-70.66262630982395,-33.42866793571588],
  "P43":[-70.66200085968431,-33.42872051663446],
  "P44":[-70.66047529378527,-33.42953925633188],
  "P45":[-70.65700880059904,-33.4303032826378],
  "P46":[-70.65651171354801,-33.43079033733947],
  "P47":[-70.65159160946463,-33.43189026044826]
  }
