
{"UV1":{
  "UV1-P1":[-70.66677562926903,-33.4002846467538],
  "UV1-P2":[-70.66518802672013,-33.40178221119948],
  "UV1-P3":[-70.65823915226957,-33.40048413544193],
  "UV1-P4":[-70.6583400297058,-33.39960319317506],
  "UV1-P5":[-70.66674908792172,-33.39886996143542],
  "UV1-P6":[-70.66814281525633,-33.39915920652393],
  "UV1-P7":[-70.66677562926903,-33.4002846467538]
},
"UV2":{
  "UV2-P1": [-70.66130295331264,-33.40618998948314],
  "UV2-P2": [-70.65729154296356,-33.40531043910418],
  "UV2-P3": [-70.65826836440698,-33.40050334798251],
  "UV2-P4": [-70.66517188156098,-33.4017235823647],
  "UV2-P5": [-70.66130295331264,-33.40618998948314]
},
"UV3":{
  "UV3-P1": [-70.67106283505731,-33.40215548368055],
  "UV3-P2": [-70.66934593690874,-33.4040131420258],
  "UV3-P3": [-70.66610262654554,-33.41086171633296],
  "UV3-P4": [-70.66199530080458,-33.41089082951495],
  "UV3-P5": [-70.66192754082888,-33.41070406521373],
  "UV3-P6": [-70.66028927288339,-33.41085230538551],
  "UV3-P7": [-70.65957679196524,-33.41055416943789],
  "UV3-P8": [-70.66069349820391,-33.40741736842232],
  "UV3-P9": [-70.66140492097725,-33.40608154520803],
  "UV3-P10": [-70.6653302993378,-33.4016206193574],
  "UV3-P11": [-70.66810060581545,-33.39913853276747],
  "UV3-P12": [-70.67224836153164,-33.39965990862895],
  "UV3-P13": [-70.67106283505731,-33.40215548368055]
},
"UV4":{
  "UV4-P1": [-70.66059797926968,-33.40760943872092],
  "UV4-P2": [-70.65910410376588,-33.41153808047215],
  "UV4-P3": [-70.65356689754414,-33.41136126678634],
  "UV4-P4": [-70.65349447767534,-33.4072630719968],
  "UV4-P5": [-70.65333371814675,-33.40633972743697],
  "UV4-P6": [-70.65730008431501,-33.40528961824008],
  "UV4-P7": [-70.66136410653354,-33.40623943930103],
  "UV4-P8": [-70.66059797926968,-33.40760943872092]
  },
"UV5":{
  "UV5-P1": [-70.66267518875337,-33.41572571015511],
  "UV5-P2": [-70.6593002999203,-33.41562209667784],
  "UV5-P3": [-70.65719883995285,-33.41561129292322],
  "UV5-P4": [-70.65761966872122,-33.41475088696478],
  "UV5-P5": [-70.65951661994652,-33.41053722617536],
  "UV5-P6": [-70.66026040861453,-33.41081088360581],
  "UV5-P7": [-70.66194878371655,-33.41069139865778],
  "UV5-P8": [-70.66193676955007,-33.41089018284047],
  "UV5-P9": [-70.66610374409429,-33.41086010456182],
  "UV5-P10": [-70.66558594022025,-33.41224106620762],
  "UV5-P11": [-70.66546083274427,-33.41272409784367],
  "UV5-P12": [-70.6643161652614,-33.41562168127797],
  "UV5-P13": [-70.66267518875337,-33.41572571015511]
  },
"UV6":{
  "UV6-P1": [-70.65722130913981,-33.41556680271838],
    "UV6-P2": [-70.65637112496168,-33.41767104276973],
    "UV6-P3": [-70.65278587190004,-33.41758029327152],
    "UV6-P4": [-70.6527083496998,-33.41130954258311],
    "UV6-P5": [-70.65352911749183,-33.41135760707123],
    "UV6-P6": [-70.65908927290117,-33.41150947795301],
    "UV6-P7": [-70.65722130913981,-33.41556680271838]
},
"UV7":{
  "UV7-P1": [-70.66364047971526,-33.41828014097415],
  "UV7-P2": [-70.6675106746589,-33.41828819549812],
  "UV7-P3": [-70.66736424743708,-33.42032674978074],
  "UV7-P4": [-70.66770202946611,-33.42088742488118],
  "UV7-P5": [-70.66531192563303,-33.4219918175675],
  "UV7-P6": [-70.66402369092567,-33.42178737026262],
  "UV7-P7": [-70.66293081717701,-33.42163987247485],
  "UV7-P8": [-70.6630568493844,-33.42126542340878],
  "UV7-P9": [-70.66326018262163,-33.42021612825543],
  "UV7-P10": [-70.66344615001417,-33.41915700736617],
  "UV7-P11": [-70.66364047971526,-33.41828014097415]
},
"UV8":{
  "UV8-P1": [-70.6562868459136,-33.41770707798198],
  "UV8-P2": [-70.65687006613265,-33.41633475692994],
  "UV8-P3": [-70.65724900243849,-33.41556078801589],
  "UV8-P4": [-70.66268981073091,-33.41572497660623],
  "UV8-P5": [-70.66431568805898,-33.41562253797196],
  "UV8-P6": [-70.66364136696224,-33.41826889090638],
  "UV8-P7": [-70.66328725746475,-33.4202738226174],
  "UV8-P8": [-70.66305968359315,-33.42126113122775],
  "UV8-P9": [-70.6629253202524,-33.42164056088271],
  "UV8-P10": [-70.65579670279688,-33.42053484384814],
  "UV8-P11": [-70.6562868459136,-33.41770707798198]
},
"UV9":{
  "UV9-P1": [-70.65015499735182,-33.41783639235869],
  "UV9-P2": [-70.65169667663069,-33.41756280734715],
  "UV9-P3": [-70.65634394166126,-33.41766759854293],
  "UV9-P4": [-70.65587618396253,-33.42056900720991],
  "UV9-P5": [-70.6550804523859,-33.42415026811605],
  "UV9-P6": [-70.65289923397545,-33.43120644892572],
  "UV9-P7": [-70.65269763163315,-33.43198390757384],
  "UV9-P8": [-70.65154835117204,-33.43226186336609],
  "UV9-P9": [-70.65170929366063,-33.43096017690451],
  "UV9-P10": [-70.65117394014963,-33.42492101589944],
  "UV9-P11": [-70.65076820259578,-33.42131577661507],
  "UV9-P12": [-70.65015499735182,-33.41783639235869]
},
"UV10":{
  "UV10-P1": [-70.66960311196816,-33.42006384236397],
  "UV10-P2": [-70.67313671351167,-33.42142872662427],
  "UV10-P3": [-70.67355534095428,-33.42302865073263],
  "UV10-P4": [-70.67159138561358,-33.42542812803045],
  "UV10-P5": [-70.67091781867272,-33.42604409941481],
  "UV10-P6": [-70.66780436938708,-33.42713766326753],
  "UV10-P7": [-70.66870968556033,-33.42491086928263],
  "UV10-P8": [-70.669596998224,-33.42285945035893],
  "UV10-P9": [-70.66960311196816,-33.42006384236397]
},
"UV11":{
  "UV11-P1": [-70.66291375810852,-33.42171335090024],
  "UV11-P2": [-70.6652977745258,-33.42198689118982],
  "UV11-P3": [-70.6695998017128,-33.42004390379164],
  "UV11-P4": [-70.66945581627796,-33.42259069353043],
  "UV11-P5": [-70.669502751162,-33.422906051514],
  "UV11-P6": [-70.66872713793101,-33.4249500834387],
  "UV11-P7": [-70.66410517297022,-33.42367769652794],
  "UV11-P8": [-70.66229516680418,-33.42328732756933],
  "UV11-P9": [-70.66291375810852,-33.42171335090024]
},
"UV12":{
  "UV12-P1": [-70.6678112724419,-33.4271522150486],
  "UV12-P2": [-70.66687663744365,-33.42749669269286],
  "UV12-P3": [-70.6667336145113,-33.42704904486759],
  "UV12-P4": [-70.66362850255172,-33.42612480193343],
  "UV12-P5": [-70.66315800173646,-33.42613006060429],
  "UV12-P6": [-70.66142451772448,-33.42573850395788],
  "UV12-P7": [-70.66228650189777,-33.42330327050264],
  "UV12-P8": [-70.66871886618323,-33.42494353450729],
  "UV12-P9": [-70.6678112724419,-33.4271522150486]
},
"UV13":{
  "UV13-P1": [-70.65466826974645,-33.42529230490752],
  "UV13-P2": [-70.65508172325579,-33.42408153866857],
  "UV13-P3": [-70.65583863087093,-33.42060515629314],
  "UV13-P4": [-70.66295066028333,-33.42170003165005],
  "UV13-P5": [-70.66196049069669,-33.42421984271088],
  "UV13-P6": [-70.66108986316777,-33.42674005315293],
  "UV13-P7": [-70.65466826974645,-33.42529230490752]
},
"UV14":{
"UV14-P1": [-70.66053978402643,-33.43023628462565],
"UV14-P2": [-70.66028869368678,-33.42928321634678],
"UV14-P3": [-70.66054177739319,-33.42807090956862],
"UV14-P4": [-70.66142910604354,-33.42577502915021],
"UV14-P5": [-70.66312928950828,-33.42612739116326],
"UV14-P6": [-70.66361267353773,-33.42610199079318],
"UV14-P7": [-70.66668099015872,-33.42704732694839],
"UV14-P8": [-70.66695050425601,-33.42755956686178],
"UV14-P9": [-70.6635845623157,-33.42888113306313],
"UV14-P10": [-70.66053978402643,-33.43023628462565]
},
"UV15":{
  "UV15-P1": [-70.65595157048132,-33.4312900330311],
  "UV15-P2": [-70.65593805566775,-33.43099540682086],
  "UV15-P3": [-70.65751364727187,-33.42598613462097],
  "UV15-P4": [-70.66101693097781,-33.42678288123506],
  "UV15-P5": [-70.66052638459988,-33.42812806353918],
  "UV15-P6": [-70.66030683680586,-33.42928207421743],
  "UV15-P7": [-70.66053896958844,-33.43022908603877],
  "UV15-P8": [-70.65595157048132,-33.4312900330311]
},
"UV16":{
  "UV16-P1": [-70.65268619375746,-33.43203024927082],
  "UV16-P2": [-70.65472662889832,-33.42531437691763],
  "UV16-P3": [-70.65755337729671,-33.42595914475194],
  "UV16-P4": [-70.65593765929057,-33.43097253533525],
  "UV16-P5": [-70.65594940318266,-33.4312741302408],
  "UV16-P6": [-70.65268619375746,-33.43203024927082]
},
"UV17":{
  "UV17-P1": [-70.67283462752204,-33.41486817171909],
  "UV17-P2": [-70.67023102226526,-33.41549452514313],